ph,Hardness,Solids,Chloramines,Sulfate,Conductivity,Organic_carbon,Trihalomethanes,Turbidity,Potability
,238.4095980755224,26493.07620652817,8.669944102585777,311.55367904139865,369.2838638747586,11.75993045445574,91.2392992027705,3.241267186661132,0
6.087306100000082,214.55608597404893,11628.336675478404,7.231926684912577,,344.0720281513272,13.232307887943024,98.6866204155442,3.666671803251088,0
7.6512942259202,200.7170513198393,11699.133549843924,6.648272780493369,349.25544481084484,420.8283621868532,18.863817480730177,52.90885102166161,3.2580416465868867,0
4.771490668948941,200.37407558257124,48002.08459600114,9.16523914539234,340.31017576890633,310.9278352799708,18.76832821249093,63.66415534150084,3.936972573012225,0
,190.63063618380693,26913.373485751392,4.649166445536806,302.41752875752275,509.2848687676725,16.198947843455073,64.10195139636862,3.4528218640874533,0
5.39205760659185,198.01716522795385,19900.407837851708,7.843225649588569,348.95192434938275,419.81395600739535,14.6165091801181,80.56825164955275,2.978925444705386,0
5.477283049476333,165.43609335155574,29046.083515231163,5.523010780807942,370.8930850920216,488.7745947823073,17.265186340258424,80.23479707714105,6.357438520067428,0
6.364155674065816,193.5069028159379,22958.0099928107,6.6746350686624,,432.1943572726645,16.27182497172828,64.57685130910524,4.764412041610866,0
,226.76564648171785,39942.95389779411,8.594714508739044,,538.6218031101072,13.74474872214762,,4.863377535184865,0
8.347949482501885,231.20310142337328,13533.230032975182,7.623603583169212,313.6711274177521,527.3808709541483,18.663901084453187,58.05286607131876,4.217861430575852,0
6.615981651666498,194.98063602657555,20919.051434180343,6.136369824104111,,383.1220570399757,9.68437637766965,41.33777496075909,4.63570912652134,0
8.312379503092345,203.7445475058509,8727.247349356963,7.4563022582930865,,543.392988344829,15.47040046786907,81.50868191992566,2.988093010442307,0
6.836224938677605,166.74296159202632,24293.172662812045,6.861235191713022,332.8815818756824,390.8049552883856,16.00699084141729,87.10192477874367,3.666613685710395,0
6.385470897689489,231.48845769943907,26756.91799981906,8.774356716879225,,422.0677005293167,16.563116383698457,73.26063979628235,4.681716653309846,0
6.490037174928902,205.5415171695257,19397.323888893363,7.894244798435495,368.5610730195575,479.7861954284083,15.80508483352719,56.98201953997934,2.430883294085322,0
,236.3569746190456,24873.622781133807,9.410657997698486,300.6884165729052,479.0560337017452,13.521923255626632,46.59887075058384,5.284233272110425,0
6.64884918609138,181.6881220667947,30733.50383761234,5.96127222367226,343.9252223114132,257.7041794322704,17.75844368068323,35.296181418536364,4.827527398066652,0
,210.979746804659,21174.40848046621,7.618884588424177,,572.743407158898,15.11084888722496,90.25245503627784,4.217553378155117,0
9.323583858284508,212.71066980589015,15751.175300296723,5.501070114239315,296.8485120030009,399.7737042300347,10.62226549121732,74.55428505833692,3.006650221855861,0
4.58196872788087,186.0979152810744,33897.06820165686,6.3584022962415565,316.55279138947884,406.3823779740672,19.69984804212288,62.3233034807969,4.500207624732678,0
7.884841993204571,229.2426598319009,21733.828043581638,7.903081469320279,315.1899837510024,368.77089370676015,11.635399275284044,49.80432225005693,4.631640754077167,0
6.168838539281275,238.30104775006848,24827.51664087316,7.7200109589287775,269.49017326233366,482.6733272625631,22.091990222757488,79.16928110264583,4.435760073378445,0
7.230845306553176,177.57480307423378,17864.689385537968,5.818229015846422,343.5933323950082,367.689991785902,19.912950169640908,59.30305301704904,5.622018080855884,0
,235.00459773839052,3900.913891731133,6.938729525155316,286.7651014049071,553.4940321982864,19.418013145029192,84.84773971524388,4.071343675272809,0
8.693104326309328,184.77280935553472,13283.77805343001,6.521814669653311,348.55479203877144,560.9659101723107,13.978347933221698,71.73384510840361,2.8982230607674366,0
,194.80609142080573,32981.23945648847,9.554785291159469,,286.7944316111977,10.415889061475468,71.90514736385545,3.2316796925242075,0
4.79746018165997,190.3151268401933,21280.246558722727,6.188502911703347,326.7941937801377,357.4361933794983,11.713821016373572,63.86306845783824,4.038502789352143,0
9.319176393077573,199.3335654213,14294.240349959267,7.784940449239423,366.0517518808906,338.44144996454025,15.215292663693788,63.39146814555416,4.129230416389857,0
7.58168757744945,180.74914015853483,11989.2462425416,4.977306609069512,328.17697771424764,617.8835131421284,13.56125295056438,39.21591747967709,4.457282487105634,0
5.348213658597068,232.66850873112725,11797.920916457138,7.816284866414023,312.98675321568174,371.91064735605113,11.975680496544726,65.79702323523554,3.3111681102507315,0
5.487876362610197,179.20698312178774,20162.01861786685,5.211430347967574,305.2641420711427,510.6093850554352,12.588474813106416,58.86155797518673,4.223576482290001,0
,206.57784298022085,40710.524385742334,8.8136660894912,320.4493278266133,468.05171474869934,14.52349975594393,71.45044718045614,5.486132309176686,0
8.31595907145097,221.2702227529179,16123.304450528043,9.47580112878229,348.1773307361863,501.6739825863527,22.159747227563287,75.36497409259994,2.760212573568241,0
8.55107774771961,216.41593213399565,28909.29028415305,6.936782341455183,295.2237066551887,510.89500072429865,16.2023714425128,79.85932285927395,4.046379690043383,0
6.013160966461117,218.84325608559016,21573.74757111393,9.29585200073896,321.1683132149535,444.2766349599716,14.744347366499936,62.44323904691303,3.455622540984072,0
5.744067537432683,173.85088155056013,28391.99818542178,7.017330330753139,355.46158888444376,336.06180305762905,16.895179709073204,65.44736154096918,3.1716552079647324,0
5.218989651481935,164.79099156176568,27007.8869057916,6.592516958774432,,422.2238018334672,14.070878980982856,73.92031967832119,4.383942553936008,0
,240.42978682732485,25959.613897834544,10.571596299305776,,446.7429748194644,13.573471029245129,80.2683717898251,3.3583534546716933,0
7.4587076827919985,207.7865734120744,10513.2967812211,8.920632925274443,,442.3681430865993,18.72530225065105,43.89808750713743,2.938082397276258,0
11.0278798626952,228.3227976007996,13124.105636341585,7.5166432155506255,319.3540394138715,376.2319179250843,8.033858640214078,48.52903792672959,4.178897908640168,0
6.729580190108561,242.1641459335721,17975.55322701793,9.808651156000304,322.2351014670934,440.85943483462125,13.57122271670977,62.17947698396132,4.003458052258935,0
4.150214299745359,174.92674117052437,41489.6398141628,5.56986865811152,,425.2500464971023,12.534008729084915,86.68363454098444,3.502370872206418,0
7.159398310953257,171.816105324697,28954.801012055537,5.817090294681839,357.3287587922074,530.5264113279316,18.11704225580013,79.09444034942162,3.254926496664732,0
,235.41745667390205,13927.002506501727,8.55144684504605,,446.4223567483664,14.134953926050343,51.7052148914131,3.662648159726404,0
6.209697436775356,169.3185048169177,22610.768713435307,4.87541388108418,327.3799385347764,549.2767282750748,17.01511804175402,51.5055082848889,3.893766831260585,0
,178.77771608491037,10490.838986806202,7.53304200193721,354.05764852081126,367.758689247449,14.66895004953642,57.40146511939064,4.126407533121048,0
9.608533593881912,231.3402282351612,4544.841717583644,6.5778340481222415,300.92232972838167,328.90449423468266,11.789619287242203,78.56818211662697,3.042796943791497,0
5.375895978926893,153.71287427649622,56867.85923615444,7.894086171432456,,493.8884637727761,15.116022810250795,57.71299203911127,4.174219639817962,0
8.697122159630041,166.45277418872513,27752.000239563826,5.350923532087751,372.2640993858731,393.5557957093136,13.748667952485505,75.0245446082447,4.180567592572657,0
7.748928548486438,198.8430942320297,18939.93665488096,7.3758831019097135,316.8202484300601,368.4028571359746,9.984033412182155,65.25155080129822,3.13694500654802,0
7.117917746068107,216.11631856933127,20067.572788819743,9.605650817390336,349.0849489661236,331.97166097165444,17.539129697152987,84.03285791706688,4.213567957421265,0
8.31002902004885,212.69827636661776,40936.15339124551,7.703374743177986,301.2544217151517,365.4312124889024,12.97186896038204,70.48525056030908,4.775784922040909,0
5.5242965308965095,157.14242432238996,26220.174214138155,6.344585274835143,379.788376466985,475.34227152384017,16.903180314450765,51.10661420520598,4.033391217742071,0
10.201425755101072,190.79907898724525,8918.892600033822,4.8998748098928,306.4953694983077,331.3789519350312,18.525433629799068,68.54744753582546,3.964449588219743,0
5.3681257542274565,190.9379792827234,32619.312974501037,8.098838844819452,351.3581338262009,435.6664691770236,11.983635213850334,107.9008419398943,2.0041425861250266,0
8.937802407855287,147.9168920753456,10562.46053906748,3.694274998949452,371.176313238755,480.3202176564735,16.980754992450272,61.15804740064221,2.831234425504209,0
8.12420782636168,207.50951515100223,26489.114701279133,8.54083737580695,318.0596239862977,431.62567719310726,10.07559844389732,63.98422489979381,4.72445657765958,0
7.184973118804081,201.07921937827356,25234.427972105485,5.21668448428477,283.7446115636523,384.0115576156745,12.427538333244629,23.136611018123222,3.665410662111125,0
5.49948928649166,230.3087747295588,13902.968646212596,9.619574960906595,352.08433279750574,442.1670062352971,14.740787109276823,,5.8468269575803085,0
,256.6734691446341,8904.799817878542,9.711379813856343,293.1111226041612,324.99782435818423,16.848443749704927,72.68768581004775,3.371680094416703,0
5.319769072934949,204.20207196666613,22390.79556563065,8.053558881344857,315.02750450181634,399.1190254238941,13.97408472536074,83.15799710462976,2.925732039706137,0
6.369111631336883,235.34094272075205,34456.80113231408,9.170939959898565,295.3505243085844,357.4172847663841,9.21326753890105,59.280269238980864,2.275903461382081,0
6.733493842280846,197.5626645967175,27430.441731073523,6.035086878051128,303.9376700929248,397.6849857048673,19.394026670078915,54.510725138101854,3.178003604766868,0
6.883015402442057,210.5022172113451,14298.410462069063,7.243682989120733,316.7538888806488,570.424258610733,15.958333509435874,70.61583215486607,4.102291769099022,0
8.013516428610775,225.15645195667923,20375.66827369424,7.837397649883607,308.5948104416439,382.0142488688159,12.666016328769048,78.76705221845322,4.4449005904963546,0
8.27205509125987,204.22532906846263,24196.522678757345,8.44840522471032,332.8903824590433,500.68487324886775,15.157407524684343,71.02274371395475,5.140207742689406,0
8.746985976471965,148.39372373034058,22174.781140510226,5.459171832896898,369.3698813089175,407.3808248759786,15.892078526968646,72.16401932471842,4.7637305356972295,0
8.154840855474227,202.3173347600352,25620.771365199776,7.651668437911807,367.2242972013084,597.8700731609196,11.802846743479222,72.38476153380526,3.696327574847777,0
9.045720545334614,222.18416908873652,22829.11084206941,7.609833075619996,293.06245930229653,558.7478629141496,15.35758277142429,44.55526428426127,4.213700443947227,0
8.922409558967978,207.52072640009976,13291.92260936976,8.560537109298675,357.9443267771911,468.5383258139995,15.692738321524075,107.2823286499237,4.081728016204542,0
5.96130157218858,182.10899501828223,23926.078824959288,6.1887903080650615,364.97549898448153,567.5261592301338,7.791637810541033,58.174825290484335,4.91958504678586,0
,205.43897678280712,20113.897568469984,7.248374249340612,317.2802103416212,558.9538725719827,23.952450435917456,68.24220581051297,3.651864698731579,0
8.184410006452293,166.63655383023897,17944.852375346727,4.038955038706492,331.95419943711283,363.23575563239353,12.53583833166141,56.31059225114748,4.599082200140892,0
7.636454091471839,238.93607434384944,18136.26158474806,11.086526251113613,351.5588107416269,514.9640600608643,8.637461294328716,55.60351213195102,3.332906497382808,0
7.7753855932769635,193.07716833624272,15704.482092929533,7.881197241955268,324.33620298187776,301.75347653703744,13.378164811882584,89.05195716873556,3.3094717160131584,0
7.617148870829691,196.60694201188775,27080.26872221177,7.3827548827212,345.17988734636043,329.0166463536928,8.547283221007035,60.1447024187457,2.3915400059994005,0
6.664934584402665,218.7700083539578,16477.350806119357,7.325000809399832,299.8465234888422,412.30858785515295,17.192685258211498,41.03578908801767,4.502138213738983,0
,182.16188032589517,30646.815275421894,6.325161655042652,294.96608830837704,404.12015243193406,14.712284631836098,106.3717198108593,3.855772963661712,0
8.81535795265852,208.33108404702924,26780.69178733168,7.223961867464942,329.1196851014237,430.4068942916542,7.151750616262859,88.41329592006838,2.875880180472337,0
7.765635561977197,173.18556894396477,13736.342035671105,6.984101860179184,359.8136999394833,355.99802591894985,11.515123021868988,39.55047603106648,3.214449639874844,0
6.225152012969118,169.74117152260175,29533.608826117597,5.574917123210296,,380.1147511485802,17.59550986619479,75.5190590415527,2.770822652580127,0
,223.72043045827704,15893.67441054203,8.289191783611953,303.8506627738951,360.4684842117428,15.234277164197463,48.19557178785351,4.157927298303721,0
8.567043820038332,160.21786704107768,23683.110189971605,4.286930404603043,360.2862819111777,490.51253888233583,9.02716717199712,67.47622913468437,2.8049268236561344,0
6.994194675250799,216.6653185786969,23027.385262019307,9.79632989498925,382.1529774020776,369.468072066889,18.96725863338821,59.65152320854087,4.398900709483949,0
3.3445885334830234,156.4799268388046,55334.70279929284,8.530101581463274,371.1477704350853,485.63114780716086,16.980609973919627,69.6224900678997,2.57514103097745,0
,198.6549758412697,20063.49032717225,9.539983929130004,344.61853484797564,412.9792013051188,9.76708068894692,43.14199974674722,4.565423281976806,0
,192.25416191961097,21762.61414587793,7.259638237663376,331.6496585578883,397.2628256932218,18.261212947742592,45.98162417818872,4.344804944234699,1
7.774468468846811,216.75287219198077,22316.398283637125,7.947534131189498,385.04343760501695,288.068577690003,14.136699006023434,68.86186084786507,3.8910973336994905,1
,172.73143278552703,28894.476969921525,4.2509167915312815,244.28514512284767,559.6293401265502,21.340849260481207,51.27471187375938,2.959749614118373,1
7.2034388489879815,168.4453578758036,22826.484697453987,6.283249716056102,271.89204467895,437.3708632363272,16.410654069644067,64.5059225796531,6.389161009216368,1
6.150487600902442,240.88842236487136,6342.502842776547,9.609895813228702,421.34318649952496,354.3925258525227,12.340384227384618,83.23866138787501,3.551655811015034,1
,225.95909234244704,9660.658301980391,8.827654541082934,397.9242402936577,315.7509090103922,16.71655697181717,17.000682933674803,3.9592936152493454,1
6.767523658273503,203.75105571618775,21162.72673490324,5.232749727921741,251.06238395824928,334.90537583271,13.21432417038477,79.86300940720749,3.3002534975545297,1
8.037430326921505,148.41530893731303,48410.471014066046,4.755879694801491,268.21189582815015,392.9012057483384,12.466609696344335,,2.5062381267412426,1
8.177174973797975,210.44877003104824,18626.1493120285,7.2716723645577295,,455.9274998998167,14.24794720108804,85.9304283912371,3.325638985632972,1
6.744799074889901,204.08431824790853,20215.69751694188,6.125251637811496,304.5279373540632,544.3393171362823,12.014243001325156,72.6080760823959,4.86854263008631,1
7.603775446495936,214.6827780253648,11459.62244497658,10.999995159050403,398.9208685532558,321.0690740723777,12.010675957758052,58.10070666669672,3.5849850237337204,1
8.546145555159878,177.84624444839096,23349.485416834144,7.652073244872579,352.8170526993696,413.3215995216606,12.357385264920708,108.84956802943516,3.505300168213539,1
5.43251208523776,231.35157576029852,14970.647243569823,9.180703191789364,409.9884607959119,448.8647411014512,10.83824882295272,65.54821585708567,3.8744253151616057,1
7.71408935995488,194.73828216189685,27336.962623971183,7.631357065523394,322.0729562813039,347.82920330934246,10.641789193560784,63.722932912340696,3.1825828574638706,1
8.154531511065274,168.09893538502118,21361.19705285079,6.19884397985866,,419.1733119911466,12.302668565189776,59.88736705683962,2.460464866914837,1
,190.2191676186419,23094.87239357759,6.481985709898432,298.3561571484034,414.8891302666953,13.461794433552086,50.895233151800745,2.977047400244634,1
7.845879929236758,193.78499977048145,13769.860237879824,9.007161200505026,343.6208231859242,510.3056029860773,13.767801756435349,99.17559466917608,3.667154204946097,1
7.15642449459831,197.9935375069824,27025.206963024637,6.734527285410932,359.7105171689742,448.4571606938775,12.511973428093428,49.29984943296899,2.958414711590032,1
5.694694238027413,240.71218211203256,7998.67451117685,8.124265427658612,,477.04780681337536,15.459306961954155,68.89560274912847,3.870610799553027,1
6.707685556382788,199.2853742998247,17435.340205976172,6.809945058547433,,454.7324100176898,14.58729015696406,81.37845107001321,3.8226687145376768,1
4.77522195583692,231.9985786073873,13978.172660188484,9.422100574893728,389.2195856381804,526.0676510079783,17.207494384162942,73.94096996938444,3.2230808645202327,1
,200.31523572876205,19947.434474507278,7.378235881075599,337.23146852418967,295.7570531503065,14.03399501280876,29.66814213275831,4.387208418499805,1
,205.12830348496536,17537.98961580656,8.025806109167293,396.091917382805,318.5366328698039,13.860453410173363,93.71487616150677,2.9997023209082743,1
8.501711439023032,193.90890608507843,21289.179593409237,7.108190294038022,,393.17668125098567,13.643236218867967,61.12507973235428,5.612295662106835,1
7.741245058636744,218.2371864747571,22824.699465157257,8.696478833800825,363.99274772202136,521.0162605795932,15.310631395152257,73.7230701214078,3.7411433659749633,1
4.18749081481174,208.3741880955512,21809.709834295947,5.84611204151865,327.4742030687985,264.5080825120705,11.235144226195416,46.68259729003305,4.592959344095949,1
,142.14556556787966,45141.68603638362,6.0306399601185365,240.1985047508843,369.280428971705,20.605552070757085,70.1683892200974,4.604724795804473,1
7.808012211560277,179.79991660751622,17037.725367080428,6.378364493521163,348.0715105626569,590.060545946643,12.092499340332497,81.59236187913102,4.165549905534822,1
5.895948983187193,187.1536165953963,37118.25543610952,4.600729970888528,253.15846862252465,531.1691008772798,11.410183554311573,77.28655066652708,3.659652967576408,1
7.269652252805362,155.15752028729122,31161.36838769933,3.18118329063755,244.7951979260926,506.0101352324282,17.385514977402067,73.11505279347217,3.789236756581051,1
,213.04119146394785,12036.643043583255,9.794730235571302,349.1713946556015,284.0179948359197,12.419905500514687,74.67438320745698,3.898915859529646,1
9.48960096649994,167.88762871252754,40032.41400480899,8.349206793755082,,354.7907411559858,14.16831423855723,102.56784617405872,4.300694899087454,1
7.457979826928165,183.46130951496127,14733.458757085757,7.475273364334676,335.6680456708747,482.63717983915575,8.963253882638298,82.58133834918347,4.497730795590356,1
7.992320364236402,230.17957338317612,17076.663788674756,9.59874228090855,,522.8880540200298,14.44918097369549,68.6407681986352,4.342796788042317,1
7.746343115356286,212.27464477236737,21670.59366334191,8.458102715694844,361.3813251174801,457.0141209266236,21.430293301706968,43.18880257717069,3.678686031235552,1
8.275795629701165,163.35596081730125,22013.96490500964,5.742828934596181,307.66712287388225,351.6313150451818,20.05761944433556,78.50149244782142,4.721339549520147,1
6.879959452149452,163.59333933683183,44586.81265100216,2.7417121173046723,219.14893472568303,554.0451045000362,16.521941961295283,67.53326015210645,5.688206949361446,1
6.799375518361883,239.05767951559437,7986.493239056313,10.365679862326058,419.8811751415976,373.23213734140944,18.828594072149823,43.4406440192261,3.8199853771647767,1
8.16776766297284,144.9029317530772,36185.67853808146,4.545520136658822,297.960229910378,605.4588933746072,20.222074873529778,,3.4106855396131177,1
,214.65733127176668,19692.464393722068,5.947389617427277,326.1757087803023,385.8278293480579,15.563459657245232,77.83403618152838,3.2616513991274934,1
4.736404607451753,203.276419833322,28698.72996489867,5.271367216524433,323.6836828929785,508.8203409236178,14.063139969281451,65.15518183260323,4.995601765994129,1
5.953923889741049,226.9350617115832,11930.6247945518,9.6772688696774,,350.9686514573219,13.60964252131339,70.57141440733061,3.9686471632564224,1
6.578998162273409,198.40924713362148,22389.38048560545,7.3175751855196625,369.0971133970416,408.19501451258856,6.059608220858536,105.40046038277852,3.690929417034364,1
8.775485733684196,157.35428924273316,22113.391452033964,7.931502716678679,304.80784540436133,480.71520782815895,15.692838550759577,82.92934548368146,4.393944466089358,1
6.8503020324159625,167.98503971803825,40588.43383077968,3.372369253748352,265.4311206198224,300.41174395019243,16.00520675269331,72.36321679277631,3.0802967096198777,1
8.757110512347623,185.41936691177847,31040.88449434861,8.544763659111414,,408.0957972423192,18.23522020383126,72.29966227820398,3.808793010243389,1
,213.0002175330737,21687.473454293264,6.90104076715514,,383.74788340648826,11.793246335936772,57.345645004071,3.2425454482885505,1
,178.15485548223057,34383.59763883363,6.42577003677151,311.52689022803526,570.3787653197973,17.592126372352084,68.99274058496776,4.0058929921265065,1
8.07327895224373,191.81552348678812,17106.43864544954,7.898731599954655,333.47759195071524,432.89874892549466,13.335381035401838,54.21628416300023,4.854312785522253,1
5.07827417522148,185.08838491254372,18125.638398024403,4.105766322585412,275.05564184079964,528.1562512089131,11.325446639918937,80.33833076422354,3.631042313530789,1
7.444914014951037,203.06874558303323,25489.075025583825,8.175744201693186,413.5603780775337,405.4206121417574,13.283100100193169,74.41286715692691,2.571391505704419,1
9.434005874654105,158.38784000010122,20474.820823972797,5.857333129140415,285.3951122985862,476.8420108063207,14.388349589814595,73.16477754804393,4.2010543638879385,1
5.90590695420357,223.14188150579247,13464.487161770325,9.125163915775502,378.10830575313287,337.8582635986253,13.531660450263644,42.844510851301166,2.9172840562365963,1
5.803496975764156,193.20099135531484,19451.767602835265,4.146601117658612,255.97674557859452,365.4776179894939,14.920615561874342,8.577012932983806,2.1817141666785806,1
7.61715192193207,182.6898249623875,33744.16680696547,6.225933055611912,369.5529578368824,327.228245131772,14.06559733578598,82.78192570719473,3.4225434306886307,1
9.00846433449955,148.6140018153515,35021.77409654997,5.594006547611537,,387.3997714146052,11.855102950449409,49.480440797245535,3.911014707443342,1
5.422445767908819,205.26608040394387,18542.9574510298,5.491962672908565,306.7022267770212,382.0801288333403,10.50402320593031,67.49345000333295,2.911751390260459,1
9.778181812741442,155.93744138376636,23335.674206132684,7.666108730062655,,356.543036820507,10.824600366031802,75.32889227000642,4.143365318508068,1
5.204938762890717,232.8827254443243,17818.39448925992,7.300265027559329,,404.0038880461103,12.86641995763523,55.498331074344144,3.439561018542137,1
4.872560878371032,224.70510511747744,16960.434630635733,7.0780148890041295,323.03685205942384,354.39060427526863,15.692175611249183,79.9628026711345,3.9180057985839225,1
7.793914804354769,164.95894748019276,25506.91223714494,7.868035975030614,358.2591999095167,398.4603115991678,15.297495720765596,,4.220027670860785,1
,259.1449276933153,2808.025755679448,10.087062401210986,392.8331603845455,354.4052784934516,13.89895041982237,63.857673746213685,4.081328787472204,1
7.058182608235123,187.947191066058,26608.929154106638,8.556396061089337,405.4034233007637,462.31456700444886,18.428386952452627,41.29033046932143,3.61383477061922,1
7.890354273534902,180.15809804559115,32160.533923449733,7.773484085746959,360.28398342597546,344.55061925335406,11.246460375624338,60.29218733177518,3.209588058451998,1
7.535700190571214,221.7924808803483,14829.745970673646,6.701159346040737,366.412199976134,583.436487524029,17.731882353555875,59.68607582085853,4.208354353518171,1
7.202534415579847,207.82811639312348,11889.250632315909,8.015743172635725,,369.0443258231596,10.371843235532651,62.0377302443214,5.702504528449717,1
,188.6105177047369,27716.338723300283,5.606500395404296,275.1822396217426,520.5877359450662,12.814603672842338,,4.398059122757676,1
8.722143776841188,151.6211320112265,28301.516948548782,3.651961339353696,248.09475894507975,468.36745137041055,15.15117258217083,79.53836757802165,3.2746286418408777,1
8.35263517558002,134.75051216758874,33662.389050318336,4.439791251197312,,397.1149717089917,14.42088193812549,55.58681500962776,3.939011353106868,1
6.2843857911113785,222.6887948878871,18526.261690599968,8.980270623695109,395.2616371156387,517.1505477841016,15.869010297602074,55.384332841392,5.030712169428622,1
,195.55442847534005,28415.184346936385,7.489779370159324,318.5152705422846,494.40451055374274,15.023961660572413,47.14414365343355,4.052367137670618,1
9.30566048031861,163.92602653572033,39498.659289103256,6.914685302912404,325.8731338024803,345.6569351199438,12.71218694831191,62.47111473983207,4.485070146526452,1
4.923178856199699,208.4066729518673,15990.149227610937,5.648145717519176,349.6551749986112,404.4057627404978,11.403372215685351,84.52577496008485,3.329600783081267,1
6.143018479793687,147.47197267460024,34865.32463358429,3.6844626644107903,285.45510184832324,475.4452677053376,20.93935932951388,54.19852016954725,5.370403410374523,1
5.744504157048756,208.0700517880054,19457.639481105347,6.69394937956654,,362.0624897925361,15.60372925424997,82.31785396122956,3.5335001498780327,1
6.616649174874958,201.7808472379204,17063.172107897266,8.353373632495304,360.612309764348,491.7240649000355,10.353994558356078,60.00918381670152,3.8817671783074488,1
7.623499920279238,170.4275722621829,36267.26665797832,6.040735165120504,301.2190912104385,404.5013685428024,12.495657714341805,79.94611265933023,4.76499518416768,1
7.860106421505122,182.0419861625088,34591.67814811829,6.18785720964272,287.22377860889384,285.22866098963453,14.365624861057768,74.88842167357646,3.499774683747187,1
7.393110152584626,205.9911566489224,13215.706381829836,7.7403771181688175,,537.1360548214474,16.053201851528684,79.35756015798977,4.431739047145852,1
,176.7799465044224,24793.455675112724,6.394342434136246,312.3591475472501,377.0662856987264,10.07019192022682,50.1241222610585,4.641041336188799,1
5.579517092707998,223.61639299672817,13289.201652748288,7.698690079377398,368.897034016997,375.2759694778724,20.2244258107807,104.58088148736014,4.043914692602463,1
4.303574607482778,227.0070857735085,7323.302300551966,7.490508409340612,326.69519854080323,412.8964036380488,12.906730021234525,68.74891758502856,2.010537157431691,1
7.310715695744376,185.8171403953804,21989.767441159336,8.4375149697106,,425.5328610356169,14.947810958042396,89.7741597533087,3.5788263404357843,1
6.417702476103476,185.3121832196149,33360.17072164734,5.573848753615652,374.7138549390038,509.8196527449088,17.848994429542984,103.32182693363175,4.046305671849512,1
,181.3018738810032,23614.7029612405,5.454993532773515,282.3116406987258,510.9446258266916,13.978608172919394,52.3015496496496,3.894061160472698,1
10.774318090075074,163.095105838738,38037.35307442267,7.602196991522025,350.0002357127786,477.72337472018944,13.526521986200237,,3.229834158576746,1
5.036453976008759,190.1645202230107,29258.738135919622,4.991061122347455,300.4759247854957,332.35971457509453,11.055801152438448,116.16162156199742,3.534665425189356,1
,204.8605046007494,24590.125934402447,7.774360848396785,,440.936823858057,12.567061356508589,118.3572747362022,4.318271772600726,1
10.41504401364904,167.42258105469432,34535.55385004349,6.354814991677399,344.3092890116938,491.5167115090336,19.355841101832937,45.10401752521858,4.209136505059297,1
8.41860665004133,191.8670896367085,29313.78335293502,5.605863656386442,306.32536352065773,546.7909944376429,13.133959338424065,96.1251983386593,3.442847819687195,1
7.808641136495527,200.71487002221596,15694.507193849424,7.219558055997078,,519.8629914995536,13.2621021052978,79.34491474969639,2.4727203251760423,1
7.557963629790507,156.4618716375418,32833.43116851585,3.3116072571688484,257.2765540574624,277.23415452450695,17.857213765482925,62.55313609613756,3.2922701527035314,1
11.24450714270002,169.40365472843013,43533.65784534446,5.888459997642613,341.02959961853657,336.4466547717247,16.089710422113853,59.49402634059388,2.9299527394001954,1
5.728823779303805,197.19183941740528,12932.590386218995,5.684492227939808,280.9320635573689,445.0696363241384,14.176501159597422,68.12480943913017,4.412173550093767,1
10.486808416025616,185.0879142497785,26453.003347820293,9.548769015124698,392.3462515682056,455.7438445846984,15.976017650632798,47.40009251630573,3.804352132029541,1
3.7921257317804,218.4908565157667,16929.290199720523,6.110295327311623,,410.69418303363074,14.090718579874704,60.32007011033546,4.62068558556552,1
5.71625135415621,184.2292949772609,19393.46986193756,5.2991636367056,290.27645455813,502.9936866234463,19.643895855680118,68.23637027968861,3.433135384725815,1
,182.31725614546667,30430.21175215331,6.151217322720383,350.44858396721605,479.9570762900436,16.576564876799637,58.67506641468992,4.536122682223924,1
5.473603398247983,218.51314526880608,14608.363145319992,5.621361690399648,,472.79683482311685,10.583581211804017,73.10600685692225,4.9578222414352044,1
,178.23365945534152,37861.44001203971,3.912714090018384,,535.0863948480063,17.545439535942705,64.07128834277817,5.11386970579597,1
6.770926884040844,181.8180655158953,26880.22003988432,5.215861524347611,284.7455103993467,475.5489600577624,14.665441438488187,60.51577188968665,4.910533820344201,1
6.043360083711829,188.6623288695978,24856.607107211305,4.371024856309438,295.89520663941977,355.0074611564549,7.619812483440512,79.94491555158974,4.74524751697268,1
,212.4800362196764,23572.15780201952,4.976788270790193,300.72699494168444,449.951082803025,7.090387208534082,66.02679551194069,3.0938144500611764,1
6.320427822952782,210.31004278172315,11682.229317057963,6.968422637847091,311.77782190208166,375.9645577508962,11.97342200407394,62.96046257918819,4.553380742681595,1
9.185417502207793,165.64150236855082,18073.96858893089,8.108317979962136,,534.6984327571197,8.189662175779858,59.66355355161021,4.186674617804839,1
8.684778671525315,161.12420479859196,40799.36032812741,5.381993558098351,305.53378408025867,499.2754008212282,15.965651590196728,75.91439810059994,3.8773491849022137,1
7.961721463165571,224.31676037251503,11551.21568041736,9.492074041013112,367.4660097696296,451.808445959799,14.911190533964998,79.68703918564303,2.2869434947281544,1
5.484151253504955,196.7912512137721,19378.35906721423,5.003730631924251,295.59101876278845,348.39903329041096,18.71387553324752,76.41415276307124,4.438858459911646,1
7.186931122348115,177.48653326030015,34510.75299526274,4.984431830347783,295.83415090035123,477.994991794408,16.777540265989558,62.75689058549055,4.275645348013285,1
5.470802484400142,213.16047846432213,18295.37092139286,6.0433954485275,,317.9484586249376,13.789267236562296,49.64245119325531,2.962852429032913,1
,195.01956906857623,17382.42736561254,7.036828316244749,329.12773842254506,383.7949027723084,11.147085344409843,90.8869084268986,3.843405195850602,1
9.792727768555451,161.05788144753413,30249.170845011024,5.214315143188376,258.03885201408383,413.1554659517622,12.493388330953849,76.2255797341665,3.729120401580513,1
3.637170625355805,238.94374429692908,10102.489720279777,7.532191965992924,337.5344254868793,509.1503233017944,13.818450253490084,49.652834136859504,5.446565702616764,1
7.06478908142805,188.39172524071327,20567.145930368584,7.443243199299871,360.322976245158,656.924127807846,16.274830657005623,84.8271825992724,4.4016278345277335,1
6.632031568588184,201.6699330857699,24161.25497902576,7.96452512488874,369.6215854010609,346.8604045432206,17.03360167698486,61.20546989437965,3.3862942904685025,1
5.913956687853429,215.49788214967924,13086.643934398497,7.784749911423435,334.68617752098504,283.4014061798572,14.683579853712672,55.32636880861537,5.648605948542045,1
9.484703254003293,122.9069907624203,56351.39630372492,4.219710533068505,219.55343679747216,480.8480634739415,13.533432949702672,41.7312192332455,4.13227423789269,1
8.447404488438133,163.94990452649685,19583.05734941433,6.433183887942168,334.6558858618443,547.0238303166198,18.238711235469225,45.66831799237244,5.218307110261475,1
7.727421140658746,227.8427195642653,18767.941634604955,9.716908128728283,,328.8541690388659,8.233404553677929,66.6782137100115,4.601802090002829,1
6.859323725529028,179.0688054957262,27567.375669680983,5.885557479524616,227.3484603094109,391.599708041081,14.670554903689094,83.46993430779078,4.501980014505442,1
5.846786697496672,212.1620434952128,19417.76720851864,8.442033603660807,,393.95282049659727,17.561933347904528,49.38836175160476,3.371110880826984,1
6.30000176658891,172.3502810907013,40682.14399780205,4.242828908559183,302.61185848520097,485.6724564667838,18.737930888660458,64.8085458627603,3.7094371813849474,1
6.64646992248928,251.83624820857125,5516.874952577377,11.14310959304401,,339.2087033421608,11.930433304821292,76.52427002988566,4.387601741834642,1
7.31344675557596,158.70747178060148,23154.062319200497,4.143329384036738,276.5501613116038,436.5172742085938,10.890084808165966,87.9125301524647,2.2206399231442355,1
6.572656388857353,192.64733363339604,14598.951912764807,6.164621288543354,314.1400561844975,343.89524175040884,17.343805580380888,53.085480420582215,2.8209272493496207,1
6.002414611941971,196.0029378293756,16136.433268527604,5.687754930947671,301.9809379319386,336.9141570845037,11.988323913721048,43.9126338097687,4.315308015041465,1
,212.90913181434803,14101.869291982675,9.112484615178165,388.7877846681564,337.1910833477874,8.60242535873266,74.58171128420321,3.624635249622655,1
5.93605710996818,222.92230684766145,18061.697568169104,9.982723538040052,421.7220244980987,323.499231250292,14.298520823670572,51.86888450967519,3.940282339037946,1
7.591089848316611,195.66580036512028,17444.671404003187,5.307070875577667,,517.2033080678149,14.799552979245618,85.77578435908438,4.531196012957704,1
6.875746152392153,192.0236594206504,25422.33854849112,7.571359938533217,,501.6059819605693,10.785964944965144,68.29461681514815,3.397302571603791,1
8.016279103360878,211.0293038198348,14034.485798658789,9.796999515077292,389.3387958191684,491.0790820972671,14.51299105109308,35.56596645086621,4.308222881195557,1
8.783596632026194,199.93027838230128,19471.465437595816,7.415405532414375,319.73700936485994,324.9370292078704,16.311696356753487,74.57058080357453,3.4708854235987814,1
6.911698241358011,179.2136741727753,25612.148912339955,7.224710174935922,318.9879136050391,298.5505129767719,11.858904526950766,94.34017212884176,4.616641008449857,1
8.71924020683575,181.0131001942548,17430.919719636913,7.421209913519095,,289.2027406389721,14.427225488180396,55.39361300965746,3.912836036583348,1
5.974583248480268,197.10272464590972,22543.25629244579,5.66265724677601,338.3575264572412,410.80413207222045,11.169090211338698,59.82643937592035,3.721974696238987,1
4.4293787345323405,256.21256522331913,8746.901717120361,9.010332224772313,,432.10793455422026,16.30747374176201,,4.271167637481616,1
,134.67925657493728,30211.832990855128,4.792361012310782,234.2856214451352,391.8209641138389,18.99915352421289,,3.8408887616175593,1
,221.6754626299006,10117.084438084974,8.026586326762152,356.21161439453385,508.2627538605141,14.058460937500968,40.9168107291419,3.19012777090997,1
8.215123506909467,155.76286653992543,30579.371066591422,3.308977338758735,,344.9505839233056,13.686025989370478,77.18262160266588,4.511384048876486,1
7.828740104752374,176.727511301611,33337.10964943294,5.438776428929289,286.9926309005409,290.1186125954208,5.871941343599474,75.71442547959597,5.199446635796848,1
7.949964794513219,186.789150651396,15171.012325667596,7.8332749648098865,,406.61274295171984,20.53968804883607,88.05710547459495,3.3171524499122014,1
6.114332051439626,178.44628573387337,30606.22359320889,5.568042052840514,260.771025560722,472.2554031188898,16.71147098711583,46.552617616218896,3.680409990337341,1
,226.27082374398685,15380.12407914492,6.66147386631929,,392.5582048839587,14.083109642986358,50.28639472696423,4.516869764126983,1
7.139428272590956,179.2349792452903,19862.811257398145,8.111958085302863,337.94709455047456,364.5231509291738,17.384470545910744,88.36184636996892,3.771596492148276,1
,223.5119784342916,20134.398340672,7.977730117723771,359.22570410694954,477.34265616964944,10.933867252920834,49.145504353825096,4.314495017031872,1
7.96852586987492,156.45114877705169,27008.01187446905,4.716576507918205,,455.8404279578049,8.360283485419302,52.50118739443663,3.173879163212596,1
6.635894308187562,194.04977998317852,20339.01686990398,6.032863905159469,307.9549022960769,412.5829888313687,15.894673995972482,57.64345689991341,4.523236865678159,1
6.394548022914309,193.04755784465576,31620.19078558264,7.065083740762097,,515.8063854323804,13.081881339181734,99.64069141400566,3.042496817945847,1
6.280978206755163,205.12312348625665,25972.80375060046,8.417895728135505,383.6714590785622,456.54394505538016,13.95471046154131,32.79902868490234,4.599432013730158,1
7.992026977293408,174.55800631401678,34585.0896069508,6.587302301425708,,543.9491408663416,12.199449089655332,71.27123080111348,4.647095594485686,1
5.068795502073682,211.68950216130068,22781.36453356911,5.330123052152086,317.1039028212847,483.4420180175628,14.495790618783644,77.21227435879854,4.362085653052907,1
,164.90907231441798,32768.22796617652,6.309685173451063,285.56098329312164,527.1986749763996,15.843303170637624,59.728172929692974,3.499453074211392,1
8.151248961954652,205.8473007177256,15661.940335043397,7.009437062121737,335.62277893328366,555.5902835214793,14.861132683102936,72.76258491130193,2.7998833209288145,1
7.582941676733986,185.0459927680697,23072.780698281265,5.892272673694608,297.5057723704099,518.0485235245408,12.038457154669516,80.31255776009792,4.164028619351949,1
5.344116870389696,198.37914369451653,13492.840835026833,6.559265111493522,328.648845176312,591.3633685043594,14.084388259548462,61.39298286397647,4.104698560797167,1
7.871961402750839,219.62265894107452,12760.437150795751,8.076613046836648,360.086657479205,350.82691627921486,15.698725520210305,84.15808044816242,2.93853628710008,1
5.3270235340963366,233.14058798275187,13580.61848288731,7.362410882893811,356.42027091076784,438.5534986637445,10.04977198595202,55.23227137436414,4.85582125104602,1
10.55027327313621,185.16581458014437,32150.97939283285,8.933966139013041,,566.3793974220303,14.282960532198048,85.39339918963503,3.951304462604924,1
,186.17484065173625,18085.15884117502,4.9512770484847,298.3997239549346,347.9866863781916,15.715545904300312,75.59059872694924,3.068919236981341,1
7.471026670171208,177.23364339729702,15736.580985502496,6.878354263572089,277.1098543347574,401.6182184387207,11.28570883934384,58.23611933133285,3.707974079965065,1
7.94388247715476,211.81655121440585,32071.17936938363,7.769214768699737,290.33739818972595,353.3364843492816,17.87194970488372,78.49278325925616,4.111691344532814,0
2.690831240408815,151.7829056695985,30204.546735065484,6.05307194454977,303.70240924515167,377.198272952684,14.121049228213735,45.60299203520432,4.650033779162522,0
9.13569425989131,194.81561840868488,9496.91035373795,6.18592511972857,345.7142057734734,562.7714670568232,13.67643542347406,74.42416645516609,3.281802195770618,0
5.2140091940446665,192.64884626109333,34184.30840188933,5.783357385747603,282.9698785014731,380.4284147077699,15.867750761299874,80.49849792090869,4.453525556196591,0
8.64953494696306,175.42666978686287,9898.022208564938,6.048403824702428,336.4776160271515,410.6250980041168,10.06925422007106,,5.229809192531628,0
7.756678950252448,186.68645891773843,22440.40104062623,7.462613332349711,342.9993828154195,320.9309662596464,19.57257183322662,,2.8424707084630283,0
7.1042952035253055,177.57174366405388,12691.515972674924,7.1709769880066645,,447.03228859835735,14.37676426574984,60.74376989210133,5.464856803369509,0
5.363362645369775,179.91137979522514,27045.92995790961,6.520854677100747,311.46740558001034,408.9225167906893,9.704704113453602,79.48480050571533,3.871372488778947,0
6.582499747201653,200.73310689806533,23720.48173047988,8.565831605436097,353.008115085245,458.3627329150158,13.001880639711205,79.52933817984304,4.152014126960154,0
6.810466516571186,209.73555875887692,32602.340084234176,7.422781036509128,341.1742693508908,340.0300885558946,16.7367485947957,42.34946082233678,4.402339512540909,0
,191.53163008477,12885.516912011995,6.979954608076548,328.60022093335806,596.7510259112656,13.447513114523758,50.75606431714502,2.37292472175806,0
5.574116594512444,193.15807637478707,17546.40325559531,9.219973244815074,366.1974184826738,538.5325177764771,13.951331611702926,67.1420326135497,5.152527697942889,0
8.555283422607033,216.65535589859263,18337.46091630916,8.290688224907012,311.32584501765035,390.94308867459887,17.138831017244968,39.777281789057966,3.687152067632291,0
4.483402760935388,172.38387771727892,13122.223421559383,5.276730857728753,291.1990882205126,413.5450472679064,11.871724637260227,75.50454201634828,2.203840523502365,0
3.783043638411448,157.85264488349333,20384.77309637123,4.667081744044442,300.04869121618964,432.4318223356543,12.701422330932417,,4.4022441460051605,0
7.138374316854361,184.7452287708936,22575.18857693228,6.9077144976833775,,504.865692804048,18.503761888918746,66.13698818743458,4.144872250700283,0
,171.59223653502127,14784.755660612993,7.404582502297141,351.8755075441876,366.6695124663135,10.504303376161433,57.8621568464784,3.2101680887198576,0
7.912361028113824,211.3764440319503,34808.44277996819,8.913364274633205,,594.8992901292464,16.68198992773307,72.04808258256136,2.878515630522547,0
,193.1167938730153,17388.98256489996,7.702135354264007,382.0607071506439,468.9393444824816,16.233038552975472,67.8739098505863,4.217743744931683,0
9.128357757690482,184.6821038788019,10418.108344794638,6.850200389133175,388.0687107951829,371.4823076467707,10.444500912817604,68.1840200592738,3.762222688560586,0
5.271971377729756,193.16950948761252,22005.43655000613,6.183950032168574,267.8256478666429,351.4802796403318,15.66438185910323,68.61587629399313,4.119436474929048,0
6.46509352906692,241.2681377483696,43958.67812954904,7.420154854034217,306.0203927620434,544.6005667202863,20.76898639142246,89.64650592490867,3.790523693182784,0
8.24518659646861,199.30577420576543,13909.479065439597,9.369641788553407,406.0476089009569,423.73678433827496,14.801329007397667,97.27700425141389,4.125731794026834,0
,196.4320066745759,18128.90829119972,8.008076903196557,323.5521380288736,313.3618702572539,18.600727893564454,67.96437640800943,3.5020815041262328,0
6.704791892183704,176.8960327834092,28140.76815451146,6.942106755605267,,455.9726269963534,16.03597987946131,40.07611272696377,3.806596292463485,0
6.430254785956541,207.57940234957223,26855.105610647905,7.087909963050183,304.173433996129,418.4194714971776,17.92114094355304,34.81639772405664,4.805791533619516,0
7.48279127635069,186.09343237063376,19621.32510547916,8.17186545006647,369.1908780152962,475.2114604830603,12.127253917220967,105.16579930528351,4.09474628637336,0
5.504452320660907,164.5009841094295,11950.235031074297,6.80095766880417,302.1904944537348,537.5396091372029,14.393869036597096,69.93982215954854,4.657360934464802,0
7.521920636411117,198.35462637165563,20139.430347085523,7.177654989327613,,603.0549558574759,13.773609840263248,84.81677108441426,3.110932391139892,0
,164.0947437960836,9344.653322307506,5.959309157637451,349.01943350474926,367.3898111656868,13.93796786851965,88.77196932212757,4.5593366423943165,0
8.522567732718088,208.1329996872772,16446.32805026565,6.729775468681519,372.5038427403642,346.37459763742186,12.00217767926364,80.75861774686537,3.358284404886048,0
5.69447554633745,193.43213025278828,18742.925222389797,6.556668444833776,327.0023706311516,448.7541507795935,13.6233079951204,56.3264966158477,4.107467119295052,0
6.934503590060883,176.96943085029608,15323.40882188845,5.666870422440619,369.34180307751546,435.94838605718,21.81315970022024,104.74769954043892,3.875238036589964,0
6.115180039114616,226.08442939284657,24699.52390299096,6.707523245610187,298.32933942288184,429.70668076734177,14.53607987930991,71.0454803734078,3.6908618596006346,0
8.575673021827997,197.56028281048032,15888.625206780936,4.865462911988274,311.55738096097565,464.7255668404904,18.736926753865248,40.224520831208224,3.506229064263776,0
5.689142987663644,181.5845651678909,17589.268989836506,7.238470317507407,350.7820824050701,345.5363659173595,16.030293060875408,,4.592979951091307,0
,199.06467199753385,39927.73704499611,5.454050988062815,259.00994483668075,257.96315421657613,14.24471958684876,52.61638695838104,4.059377403894223,0
7.226127199808895,213.3206159003956,23129.74805552755,6.1936239397781865,304.5627762748501,624.2299006465099,16.982255696453535,73.73359287959624,4.15355890079017,0
7.197795991543301,168.6409754216763,12763.267889422756,6.897594139847025,,566.2506937095443,12.437570967417455,65.74671735384119,3.8440132867950574,0
3.84681432776782,190.99287297847636,26895.25795550062,5.629535947044413,,660.2549462924401,18.12520189926198,78.15357515554805,3.5842019158558904,0
5.896339345911832,178.6780936921637,17420.08714873037,5.292162419422319,,473.6866933123849,16.437715183384512,79.47117720888966,5.0328549210101725,0
,247.4532966304901,43846.0252659028,7.865780791394658,324.2437795311632,334.16606087564145,16.6611531232399,54.236592115610655,3.572343821947975,0
8.326349854410445,213.87485791537927,35477.76664346936,8.36413102029555,346.78700252235456,569.1032944958848,17.466467299419833,62.79290483681967,4.395284862710226,0
6.891561654773667,198.54464116651732,26240.49298150088,5.15386951765593,,436.927095743398,8.634318939146453,86.81022923905675,3.5619625718994854,0
5.548124946933236,217.0182594836732,34006.76874531331,6.647425228431361,331.4029470756776,430.2696636784811,15.647036068066711,64.98064195418027,4.599235865233297,0
,175.5881459773443,17092.22582658762,7.338416846927596,323.1541152435972,491.7281423035847,11.705953372941051,52.36344173892543,4.316063250218271,0
5.3866379619568105,206.89680588125145,20416.6510300176,7.312751932833271,356.38427191664385,525.1234712711948,10.21818532447918,70.03311942680477,4.32090017506474,0
7.262534651633063,212.5213078688025,38713.11269226301,5.837807201144256,262.0950222276679,332.4252243440537,14.098785744097029,70.30074088000653,4.846359371825784,0
6.2570857911396685,180.4062106095163,13826.257913969886,7.075130627265931,346.6274674316441,422.6003746669102,11.838105675716236,77.83821185008256,3.994713696692633,0
7.025504334993,205.40052911647376,21884.5385145885,7.276064918343411,304.7322034697979,442.4055401716919,15.843743650390593,65.58033764780926,2.941555122814548,0
6.584839333204741,196.13398500592663,16609.92548912884,6.6739774050955365,323.37235198449326,304.7136645413463,12.50155351190216,85.68214597229073,3.919954569326576,0
6.565633547125035,159.7293626987247,19044.68007121265,6.693213781270785,283.51467184857086,393.6251725395316,18.207136967175416,67.05411869738255,2.7709484970749205,0
6.622102936480842,196.8910612272637,16010.524152308772,7.256071192506777,,264.2839333983375,14.410952467218864,45.44877694122602,5.2909207163820895,0
7.217392780568977,180.19422077129448,13579.55457958598,5.993126371123805,317.9634037788152,421.9635385468848,12.370338614340652,63.44674913185031,3.7466198236682153,0
5.253907429487342,191.9820471074452,34793.85330591925,5.817404295782015,,395.7132588228637,12.570715176373485,54.968734389691285,3.488372513803507,0
8.131375233569006,177.09531249174174,13238.070297753016,6.6787406155383895,,450.718334082662,20.60357441803194,85.105892029354,3.5428107484612554,0
6.61977546022829,150.7183613850659,11388.534186913772,6.807580134398719,370.7534688731821,431.4300870043796,7.710769287634548,73.63427763194561,4.086920566839482,0
,206.3183425480184,18752.269677035554,8.202453025113023,344.5896282521467,510.4878798366721,5.3623709055002,61.91136409286312,3.293552630526708,0
6.217255306949025,205.64825148296077,32911.92971677305,5.94607364340275,298.39049042684866,414.7710169231197,12.12836582827748,79.24503323687058,2.081425020190486,0
5.019984766789215,156.9708217070982,19272.704480952856,6.184709662457266,331.5598448725791,341.3571601544774,16.19657332432331,75.3025976942853,4.089485428098205,0
6.907379614971787,210.2792102358162,40290.22163641817,6.874702423784096,294.0151976953636,340.7049784474409,18.25347218684368,84.02211890886437,1.4961009425719864,0
6.3131147318719245,162.33641206660948,20849.19073737675,7.086468937594491,,387.9577161705183,15.04759327487966,83.92129211796546,4.126964595932531,0
,179.32012281513954,5075.269201855393,8.737782950223686,455.4512337131526,392.3537323196529,16.839330615095093,76.2436227695315,4.397533101212234,0
7.293929250131249,180.84312475494775,15823.339374460484,7.72197742911649,,457.5204429007732,8.857599141829951,37.7347900028964,4.403250064507214,0
6.630363820304997,186.76108783433017,30939.023213783217,7.70348058497535,,330.87608284254844,13.815756943298084,86.75311749511644,3.4905875728160614,0
8.015780395152742,180.0603770730961,12135.72493031231,6.259376143987399,310.06868096007,666.6906183307465,17.660149200672265,66.58884906351074,3.1805801865505683,0
4.249890379403849,168.5721461104161,16073.67061950872,5.360895563439263,261.2677066187353,449.0515158119887,11.34921022880286,86.94689686321624,4.116347641066605,0
4.265269639731993,199.49945148957448,25634.533284034696,5.91488443806432,260.26120564084937,300.5479287887852,12.19873249840566,55.94236582908737,4.900446069054143,0
9.266840595087142,203.25261346828228,20478.78595670459,6.838778829796177,337.29956685845406,508.28334965083775,19.164525226730007,,4.330049468785837,0
9.619456625659463,210.2612466347067,18185.050473402072,7.939888575169222,,387.3302153702924,17.478161921593426,65.98950708354862,3.1731997673200087,0
7.086877325565761,192.38736755463475,25524.82346989246,7.354034994202686,322.7400311650643,548.9177180123194,14.524408073755067,64.12439070787707,3.992848210934416,0
3.433874059145088,152.48007530960024,16318.733613509214,5.973097827324135,313.0643164959309,412.91553856427777,9.970144463196505,68.5075420306062,4.104938403453945,0
8.436759028788977,242.48857976769693,44896.98411239192,7.863084070543416,,575.9370182227921,14.53177738690374,50.77420795130515,2.4999101346874286,0
12.246928068519756,217.3680141767772,11318.14056257282,8.465160384182976,375.8947583557478,347.65305379748094,9.762504595057976,73.83240481230781,3.533243424589728,0
7.343031939773171,198.53076965522703,14037.039926614125,5.788346417696247,,479.2414672033002,11.090374213876489,61.10024017318461,5.288057553828615,0
4.616438934449231,192.57400993430312,14982.30547703048,6.080029056003053,,344.14632123276755,11.09000575116204,88.48358347561748,2.6343410214254592,0
8.307462969006558,229.9412343165086,18452.645570929,6.895145947235456,338.4837027730708,464.9009848320303,9.512102516349389,84.05341480502423,4.625729241507733,0
4.909640554437281,157.24045839888794,10488.770936593655,6.929793189332428,,311.74575705391214,11.02379955446628,48.52552498025704,5.345323940025499,0
7.709106359864045,178.81082764194483,18610.124151836404,7.734441196438386,,462.2011628542471,13.888703887503423,64.84163725586546,4.235108119828695,0
,173.81671013134212,26552.97440098385,6.290279267076197,293.17027314789544,366.7187056845937,13.271499488833795,72.12983989978943,3.206995482747466,0
7.818274839301502,179.21821727387433,27558.5425325701,7.504452893461385,315.4474916325816,359.0991899954832,12.61866665635904,52.377477319332925,3.329243165850729,0
8.207458912656827,189.94215715704277,17447.994671902798,6.761682296154904,,449.412605665234,15.335711202991718,54.946344498015726,4.151865853005895,0
